FAST,ARCH,2024-09-18,2024-12-06,12,DBL
ASPLOS3,ARCH,2024-10-19,2025-01-27,13,DBL
ASPLOS2,ARCH,2024-06-24,2024-10-02,13,DBL
ASPLOS1,ARCH,2024-03-01,2024-06-06,13,DBL
EuroSys1,ARCH,2024-05-21,2024-08-21,12,DBL
EuroSys2,ARCH,2024-10-22,2025-01-25,12,DBL
ISCA,ARCH,2024-11-22,2025-03-17,0,DBL
ATC,ARCH,2025-01-15,2025-04-25,12,DBL
DAC,ARCH,2023-11-13,2024-02-26,6,DBL
HPCA,ARCH,2024-08-03,2024-11-05,11,DBL
MICRO,ARCH,2024-04-19,2024-07-19,12,DBL
PPoPP,ARCH,2024-08-17,2024-11-11,10,DBL
SC,ARCH,2024-04-03,2024-06-14,10,DBL
CCS1,Security,2024-01-28,2024-04-03,12,DBL
CCS2,Security,2024-04-29,2024-07-04,12,DBL
S&P,Security,2024-06-06,2024-09-09,18,DBL
S&P2,Security,2024-11-14,2025-03-10,18,DBL
USENIX-Security1,Security,2024-09-04,2024-12-11,20,DBL
USENIX-Security2,Security,2025-01-22,2025-06-12,20,DBL
NDSS1,Security,2024-04-17,2024-06-20,13,DBL
NDSS2,Security,2024-07-10,2024-09-19,13,DBL
PLDI,PL,2023-11-16,2024-02-26,20,SGL
POPL,PL,2024-07-11,2024-11-07,25,SGL
SOSP,Sys,2024-04-19,2024-07-26,12,DBL
OSDI,Sys,2024-12-03,2025-03-25,12,DBL
AAAI,AI,2024-08-15,2024-12-09,0,DBL
NeurIPS,AI,2024-05-22,2024-09-25,9,SGL
CVPR,AI,2024-11-15,2025-02-26,0,DBL
ICML,AI,2024-02-01,2024-03-24,0,DBL
IJCAI,AI,2024-01-17,2024-04-16,9,DBL